filename,baunvo-1,baunvo-2,baunvo-3,baunvo-4,baunvo-4a,baunvo-5,baunvo-5a,baunvo-6,baunvo-6a,baunvo-7,baunvo-8,baunvo-9,baunvo-10,baunvo-11,baunvo-12,baunvo-13,baunvo-13a,baunvo-14,baunvo-15,baunvo-16,baunvo-17,baunvo-18,baunvo-19,baunvo-20,baunvo-21,baunvo-21a,13b
10197_0.jpg,,,,,,,,,,,,,,,,,,,,,,,,,,,
10197_1.jpg,,,,,,,,,,,,,,,,,,,,,,['18 baunvo'],"['19 baunvo', 'grz']",,"['21 baunvo', 'baumassenzahl', 'baumasse']",['stellplätze'],
10197_2.jpg,,,,,,,,,,,,,,,,,,,,,,,,,"['baumassenzahl', 'baumasse']",,
17028_0.jpg,,,,,,,,,,,,,,,['12 baunvo'],,,,,,,,"['grundflächenzahl', 'grz']","['geschoßflächenzahl', 'geschoßfläche', 'gfz']",,['stellplätze'],
24451_0.jpg,,,,['4 baunvo'],,,,,,,,,,,,,,,,,,,['grz'],,,['stellplätze'],
26141_0.jpg,,,,,,,,,,,,,,,,,,,,,,,['grz'],"['vollgeschosse', 'gfz']",,['stellplätze'],
28106_0.jpg,,,,,,,,,,,,,,,,,,,,,,,"['grundflächenzahl', 'grz']","['vollgeschosse', 'gfz']",,,
28108_0.jpg,,,,,,,,,,,,,,,,,,,,,,,,,,,
29507_0.jpg,,,,,,,,,,,,,,,,,,,,,,,,,,,
29511_0.jpg,,,,,,,,,,,,,,,,,,,,,,,,,,,
30913_0.jpg,,,,,,,,,,,,,,,,,,,,,,,,,,,
30913_1.jpg,,,,,,,,,,,,,,,,,,,,,,,,,,,
30913_10.jpg,,,,,,,,,,,,,,,,,,,,,,,,,,,
30913_11.jpg,,,,,,,,,,,,,,,,,,,,,,,,,,,
30913_12.jpg,,,,,,,,,,,,,,,,,,,,,,,,,,,
30913_13.jpg,,,,,,,,,,,,,,,,,,,,,,,,,,,
30913_14.jpg,,,,,,,,,,,,,,,,,,,,,,,,,,,
30913_15.jpg,,,,,,,,,,,,,,,,,,,,,,,,,,,
30913_16.jpg,,,,,,,,,,,,,,,,,,,,,,,,,,,
30913_17.jpg,,,,,,,,,,,,,,,,,,,,,,,,,,,
30913_18.jpg,,,,,,,,,,,,,,,,,,,,,,,,,,,
30913_19.jpg,,,,,,,,,,,,,,,,,,,,,,,,,,,
30913_2.jpg,,,,,,,,,,,,,,,,,,,,,,,,,,['stellplätze'],
30913_20.jpg,,,,,,,,,,,,,,,,,,,,,,,,,,,
30913_21.jpg,,,,,,,,,,,,,,,,,,,,,,,['zulässige grundfläche'],['geschoßfläche'],,['stellplätze'],
30913_22.jpg,,,,,,,,,,,,,,,,,,,,,,,,,,,
30913_23.jpg,,,,,,,,,,,,,,,,,,,,,,,,,,,
30913_24.jpg,,,,,,,,,,,,,,,,,,,,,,,,,,,
30913_25.jpg,,,,,,,,,,,,,,,,,,,,,,,,,,,
30913_26.jpg,,,,,,,,,,,,,,,,,,,,,,,,,,,
30913_27.jpg,,,,,,,,,,,,,,,,,,,,,,,,,,,
30913_28.jpg,,,,,,,,,,,,,,,,,,,,,,,,,,,
30913_29.jpg,,,,,,,,,,,,,,,,,,,,,,,,,,,
30913_3.jpg,,,,,,,,,,,,,,,,,,,,,,,['zulässige grundfläche'],,,,
30913_30.jpg,,,,,,,,,,,,,,,,,,,,,,,,,,,
30913_31.jpg,,,,,,,,,,,,,,,,,,,,,,,,,,,
30913_32.jpg,,,,,,,,,,,,,,,,,,,,,,,['grz'],,,,
30913_33.jpg,,,,,,,,,,,,,,,,,,,,,,,,,,,
30913_34.jpg,,,,,,,,,,,,,,,,,,,,,,,,,,,
30913_35.jpg,,,,,,,,,,,,,,,,,,,,,,,,,,,
30913_36.jpg,,,,,,,,,,,,,,,,,,,,,,,,,,,
30913_37.jpg,,,,,,,,,,,,,,,,,,,,,,,,,,,
30913_38.jpg,,,,,,,,,,,,,,,,,,,,,,,,,,,
30913_39.jpg,,,,,,,,,,,['gewerbegebiete'],,,,,,,,,,,,,,,,
30913_4.jpg,,,,,,,,,,,,,,,,,,,,,,,,,,,
30913_40.jpg,,,,,,,,,,,,,,,,,,,,,,,,,,,
30913_41.jpg,,,,,,,,,,,,,,,,,,,,,,,,,,,
30913_42.jpg,,,,,,,,,,,,,,,,,,,,,,,,,,,
30913_43.jpg,,,,,,,,,,,,,,,,,,,,,,,,,,,
30913_44.jpg,,,,,,,,,,,,,,,,,,,,,,,,,,,
30913_5.jpg,,,,,,,,,,,,,,,,,,,,,,,,,,,
30913_6.jpg,,,,,,,,,,,,,,,,,,,,,,,,,,,
30913_7.jpg,,,,,,,,,,,,,,,,,,,,,,,,,,,
30913_8.jpg,,,,,,,,,,,,,,,,,,,,,,,,,,,
30913_9.jpg,,,,,,,,,,,,,,,,,,,,,,,,,,,
31412_0.jpg,,,,,,,,,,,,,,,,,,,,,,,,,,,
3223_0.jpg,,,,,,,,,,,,,,['11 baunvo'],,,,,,,,,,,,,
3223_1.jpg,,,,,,,,,,,,,,,,,,,,,,,,,,,
3223_2.jpg,,,,,,,,,,,,,,,,,,,,,,,,,,,
3223_3.jpg,,,,,,,,,,,,,,,,,,,,,,,,,,,
3223_4.jpg,,,,,,,,,,,,,,['11 baunvo'],,,,,,,,,,,,,
3223_5.jpg,,,,,,,,,,,,,,,,,,,,,,,,,,,
3223_6.jpg,,,,,,,,,,,,,,,,,,,,,,,,,,,
3223_7.jpg,,,,,,,,,,,,,,,,,,,,,,,,,,,
34983_0.jpg,,,,,,,,,,,,,,,,,,,,,['17 baunvo'],,,,,,
35085_0.jpg,,,,,,,,,,,,,,,,,,,,,,,,,,,
35085_1.jpg,,,,,,,,,,,,,,['11 baunvo'],,,,,,['16 baunvo'],,,"['grundflächenzahl', 'grz']","['geschossfläche', 'gfz']","['baumassenzahl', 'baumasse']",,
35085_2.jpg,,,,,,,,,,,,,,,,,,,,,,,,,,['stellplätze'],
35085_3.jpg,,,,,,,,,,,,,,,,,,,,,,,,,,,
35085_4.jpg,,,,,,,,,,,,,,['11 baunvo'],,,,,,['16 baunvo'],,,"['19 baunvo', 'grundflächenzahl', 'grz']","['20 baunvo', 'gfz']","['21 baunvo', 'baumassenzahl', 'baumasse']",,
35085_5.jpg,,,,,,,,,,,,,,,,,,,,,,,,,,,
35085_6.jpg,,,,,,,,,,,,,,,,,,,,,,,,,,,
35085_7.jpg,,,,,,,,,,,,,,,,,,,,,,,,,,,
35085_8.jpg,,,,,,,,,,,,,,,,,,,,,,,,,,,
35085_9.jpg,,,,,,,,,,,,,,,,,,,,,,,,,,,
36230_0.jpg,,,,,,,,,,,,,,,,,,,,,,,,,,,
36230_1.jpg,,,,,,,,,,,,,,,,,,,,,,,,,,,
37749_0.jpg,,,,,,,,,,,,,,,,,,,,,,,,,,,
39851_0.jpg,,,,['4 baunvo'],,,,,,,,,,,,,,,,,,,['grz'],['gfz'],,,
39892_0.jpg,,,,,,,,,,,,,,"['11 baunvo', 'sonstige sondergebiete']",,,,,,,,,['grz'],"['vollgeschosse', 'gfz']",,,
39892_1.jpg,,,,,,,,,,,,,,,,,,,,,,,,,,['stellplätze'],
40183_0.jpg,,,,,,,,,,,,,,,,,,,,,,,,,,,
40747_0.jpg,,,,,,,,,,,,,,,,,,,,,,,,['vollgeschosse'],,,
43115_0.jpg,,,,,,,,,,,,,,,,,,,,,,,,,,,
43115_1.jpg,,,,,,,,,,,,,,,,,,,,,,,,,,,
43115_2.jpg,,,,,,,,,,,,,,,,,,,,,,,,,,,
43115_3.jpg,,,,,,,,,,,,,,,,,,,,,,,,,,,
43115_4.jpg,,,,,,,,,,,,,,,,,,,,,,,,,,,
4466_0.jpg,,,,,,,,,,,,,,,,,,,,,,,['grz'],['gfz'],,,
47282_0.jpg,,,['3 baunvo'],,,,,,,,,,,,,,,,,,,,['grz'],['gfz'],,,
48619_0.jpg,,,,,,,,,,,,,,,,,,,,,,,,,,,
48619_1.jpg,,,,,,,,,,,,,,,,,,,,,,,,,,,
48619_2.jpg,,,,,,,,,,,,,,,,,,,,,,,,,,,
48847_0.jpg,,,,,,,,,,,,,,,,,,,,,,,['grz'],,,,
49844_0.jpg,,,,,,,,,,,,,,,,,,,,,,,,,,,
49844_1.jpg,,,,,,,,,,,,,,,,,,,,['16 baunvo'],,,,,,,
49844_10.jpg,,,,,,,,,,,,,,,,,,,,,,,,,,,
49844_11.jpg,,,,,,,,,,,,,,,,,,,,,,,,,,,
49844_12.jpg,,,,,,,,,,,,,,,,,,,,,,,,,,,
49844_13.jpg,,,,,,,,,,,,,,,,,,,,,,,,,,,
49844_14.jpg,,,,,,,,,,,,,,,,,,,,,,,,,,,
49844_15.jpg,,,,,,,,,,,,,,,,,,,,,,,,,,,
49844_16.jpg,,,,,,,,,,,,,,,,,,,,,,,,,,,
49844_17.jpg,,,,,,,,,,,,['industriegebiete'],,,,,,,,,,,,,,,
49844_18.jpg,,,,,,,,,,,,,,,,,,,,,,,,,,,
49844_19.jpg,,,,,,,,,,,,,,,,,,,,,,,,,,,
49844_2.jpg,,,,,,,,,,,"['8 baunvo', 'gewerbegebiete']",,,,,,,,,['16 baunvo'],,,"['grundflächenzahl', 'grz']","['vollgeschosse', 'geschossfläche', 'gfz']",['baumasse'],,
49844_20.jpg,,,,,,,,,,,,,,,,,,,,,,,,,,,
49844_21.jpg,,,,,,,,,,,,,,,,,,,,,,,,,,,
49844_22.jpg,,,,,,,,,,,,,,,,,,,,,,,,,,,
49844_3.jpg,,,,,,,,,,,,,,,,,,,,,,,,,,,
49844_4.jpg,,,,,,,,,,,['gewerbegebiete'],,,,,,,,,,,,,,,,
49844_5.jpg,,,,,,,,,,,,,,,,,,,,,,,,,,['stellplätze'],
49844_6.jpg,,,,,,,,,,,,,,,,,,,,,,,,,,,
49844_7.jpg,,,,,,,,,,,,,,,,,,,,,,,,,,,
49844_8.jpg,,,,,,,,,,,,,,,,,,,,,,,,,,,
49844_9.jpg,,,,,,,,,,,,,,,,,,,,,,,,,,,
50388_0.jpg,,,,,,,,,,,,,,,,,,,,,,,,,,,
50388_1.jpg,,,,,,,,,,,,,,,,,,,,,,,,,,,
50388_2.jpg,,,,,,,,,,,,,,,,,,,,,,,,,,,
52718_0.jpg,,,,,,,,,,,,,,,,,,,,,,,,,,,
52718_1.jpg,,,,,,,,,,,,,,,,,,,,,,,,,,,
52718_10.jpg,,,,,,,,,,,,,,,,,,,,,,,,,,,
52718_11.jpg,,,,,,,,,,,,,,,,,,,,,,,,,,,
52718_12.jpg,,,,,,,,,,,,,,,,,,,,,,,,,,,
52718_13.jpg,,,,,,,,,,,,,,,,,,,,,,,,,,,
52718_14.jpg,,,,,,,,,,,,,,,,,,,,,,,,,,,
52718_2.jpg,,,,,,,,,,['kerngebiete'],,,,,,,,,,,,,,,,,
52718_3.jpg,,,,,,,,,,,,,,,,,,,,,,,,,,,
52718_4.jpg,,,,,,,,,,,,,,,,,,,,,,,,,,,
52718_5.jpg,,,,,,,,,,,,,,,,,,,,,,,,,,,
52718_6.jpg,,,,,,,,,,,,,,['11 baunvo'],,,,,,,,,,,,,
52718_7.jpg,,,,,,,,,,,,,,,,,,,,,,,,,,,
52718_8.jpg,,,,,,,,,,,,,,,,,,,,,,,,,,,
52718_9.jpg,,,,,,,,,,,,,,,,,,,,,,,,,,,
54008_0.jpg,,,,,,,,,,,,,,,,,,,,,,,"['grundflächenzahl', 'grz']",['vollgeschosse'],,['stellplätze'],
54103_0.jpg,,,,,,,,,,,,,,,,,,,,,,,,,,,
54103_1.jpg,,,,,,,,,,,,,,,,,,,,,,,,,,,
54103_10.jpg,,,,,,,,,,,,,,,,,,,,,,,,,,,
54103_11.jpg,,,,,,,,,,,,,,,,,,,,,,,,,,,
54103_12.jpg,,,,,,,,,,,,,,,,,,,,,,,,,,,
54103_13.jpg,,,,,,,,,,,,,,,,,,,,,,,,,,,
54103_14.jpg,,,,,,,,,,,,,,,,,,,,,,,,,,,
54103_15.jpg,,,,,,,,,,,,,,,,,,,,,,,,,,,
54103_16.jpg,,,,,,,,,,,,,,,,,,,,,,,,,,,
54103_17.jpg,,,,,,,,,,,,,,,,,,,,,,,,,,,
54103_18.jpg,,,,,,,,,,,,,,,,,,,,,,,,,,['stellplätze'],
54103_19.jpg,,,,,,,,,,,,,,,,,,,,,,,,,,,
54103_2.jpg,,,,,,,,,,,,,,,,,,,,,,,,,,,
54103_20.jpg,,,,,,,,,,,,,,,,,,,,,,,,,,,
54103_21.jpg,,,,,,,,,,,,,,,,,,,,,,,,,,,
54103_22.jpg,,,,,,,,,,,,,,,,,,,,,,,,,,,
54103_23.jpg,,,,,,,,,,,,,,,,,,,,,,,,,,,
54103_24.jpg,,,,,,,,,,,,,,,,,,,,,,,,,,,
54103_25.jpg,,,,,,,,,,,,,,,,,,,,,,,,,,,
54103_26.jpg,,,,,,,,,,,,,,,,,,,,,,,,,,,
54103_27.jpg,,,,,,,,,,,,,,,,,,,,,,,,,,['stellplätze'],
54103_28.jpg,,,,,,,,,,,,,,,,,,,,,,,,,,,
54103_29.jpg,,,,,,,,,,,,,,,,,,,,,,,,,,['stellplätze'],
54103_3.jpg,,,,,,,,,,,,,,,,,,,,,,,,,,,
54103_30.jpg,,,,,,,,,,,,,,,,,,,,,,,,,,,
54103_31.jpg,,,,,,,,,,,,,,,,,,,,,,,,,,,
54103_32.jpg,,,,,,,,,,,,,,,,,,,,,,,,,,,
54103_33.jpg,,,,,,,,,,,,,,,,,,,,,,,,,,,
54103_34.jpg,,,,,,,,,,,,,,,,,,,,,,,,,,,
54103_35.jpg,,,,,,,,,,,,,,,,,,,,,,,,,,,
54103_36.jpg,,,,,,,,,,,,,,,,,,,,,,,,,,,
54103_37.jpg,,,,,,,,,,,,,,,,,,,,,,,,,,,
54103_38.jpg,,,,,,,,,,,,,,,,,,,,,,,,,,,
54103_39.jpg,,,,,,,,,,,,,,,,,,,,,,,,,,,
54103_4.jpg,,,,,,,,,,,,,,,,,,,,,,,,,,,
54103_40.jpg,,,,,,,,,,,,,,,,,,,,,,,,,,,
54103_41.jpg,,,,,,,,,,,,,,,,,,,,,,,,,,,
54103_42.jpg,,,,,,,,,,,,,,,,,,,,,,,,,,,
54103_43.jpg,,,,,,,,,,,,,,,,,,,,,,,,,,,
54103_44.jpg,,,,,,,,,,,,,,,,,,,,,,,,,,,
54103_45.jpg,,,,,,,,,,,,,,,,,,,,,,,,,,,
54103_46.jpg,,,,,,,,,,,,,,,,,,,,,,,,,,,
54103_47.jpg,,,,,,,,,,,,,,,,,,,,,,,,,,,
54103_48.jpg,,,,,,,,,,,,,,,,,,,,,,,,,,,
54103_49.jpg,,,,,,,,,,,,,,,,,,,,,,,,,,,
54103_5.jpg,,,,,,,,,,,,,,,,,,,,,,,,,,,
54103_50.jpg,,,,,,,,,,,,,,,,,,,,,,,,,,,
54103_51.jpg,,,,,,,,,,,,,,,,,,,,,,,,,,,
54103_52.jpg,,,,,,,,,,,,,,,,,,,,,,,,,,,
54103_53.jpg,,,,,,,,,,,,,,,,,,,,,,,,,,,
54103_54.jpg,,,,,,,,,,,,,,,,,,,,,,,,,,,
54103_55.jpg,,,,,,,,,,,,,,,,,,,,,,,,,,,
54103_56.jpg,,,,,,,,,,,,,,,,,,,,,,,,,,,
54103_57.jpg,,,,,,,,,,,,,,,,,,,,,,,,,,,
54103_58.jpg,,,,,,,,,,,,,,,,,,,,,,,,,,,
54103_59.jpg,,,,,,,,,,,,,,,,,,,,,,,,,,,
54103_6.jpg,,,,,,,,,,,,,,,,,,,,,,,,,,,
54103_60.jpg,,,,,,,,,,,,,,,,,,,,,,,,,,,
54103_61.jpg,,,,,,,,,,,,,,,,,,,,,,,,,,,
54103_62.jpg,,,,,,,,,,,,,,,,,,,,,,,,,,,
54103_63.jpg,,,,,,,,,,,,,,,,,,,,,,,,,,,
54103_64.jpg,,,,,,,,,,,,,,,,,,,,,,,,,,,
54103_7.jpg,,,,,,,,,,,,,,,,,,,,,,,,,,,
54103_8.jpg,,,,,,,,,,,,,,,,,,,,,,,,,,,
54103_9.jpg,,,,,,,,,,,,,,,,,,,,,,,['grundflächenzahl'],,,,
54285_0.jpg,,,,,,,,,,,,,,,,,,,,,,,,,,,
54413_0.jpg,,,,,,,,,,,,,,,,,,,,,,,,,,,
54413_1.jpg,,,,,,,,,,,,,,,,,,,,,,,['grz'],"['vollgeschosse', 'gfz']",,,
54413_2.jpg,,,,,,,,,,,,,,,,,,,,,,,,['vollgeschosse'],,,
54413_3.jpg,,,,,,,,,,,,,,,,,,,,,,,,,,,
55665_0.jpg,,,,,,,,,,,,,,,,,,,,,,,,,,,
55665_1.jpg,,,,,,,,,,,,,,,,,,,,,,,,,,,
55665_10.jpg,,,,,,,,,,,,,,,,,,,,,,,,,,,
55665_2.jpg,,,,,,,,,,,,,,,,,,,,,,,,,,,
55665_3.jpg,,,,,,,,,,,,,,,,,,,,,,,,,,,
55665_4.jpg,,,,,,,,,,,,,,,,,,,,,,,,,,,
55665_5.jpg,,,,,,,,,,,,,,,,,,,,,,,,,,,
55665_6.jpg,,,,,,,,,,,,,,,,,,,,,,,,,,,
55665_7.jpg,,,,,,,,,,,,,,,,,,,,,,,['grz'],,,,
55665_8.jpg,,,,,,,,,,,,,,,,,,,,,,,,,,,
55665_9.jpg,,,,,,,,,,,,,,,,,,,,,,,,,,,
55666_0.jpg,,,,,,,,,,,,,,,,,,,,,,,,,,,
55666_1.jpg,,,,,,,,,,,,,,,,,,,,,,,,,,,
55666_10.jpg,,,,,,,,,,,,,,,,,,,,,,,,,,,
55666_11.jpg,,,,,,,,,,,,,,,,,,,,,,,,,,,
55666_12.jpg,,,,,,,,,,,,,,,,,,,,,,,['grundflächenzahl'],,,,
55666_13.jpg,,,,,,,,,,,,,,,,,,,,,,,,,,,
55666_14.jpg,,,,,,,,,,,,,,,,,,,,,,,,,,,
55666_15.jpg,,,,,,,,,,,,,,,,,,,,,,,,,,,
55666_16.jpg,,,,,,,,,,,,,,,,,,,,,,,,,,,
55666_17.jpg,,,,,,,,,,,,,,,,,,,,,,,,,,,
55666_18.jpg,,,,,,,,,,,,,,,,,,,,,,,,,,,
55666_19.jpg,,,,,,,,,,,,,,,,,,,,,,,,,,,
55666_2.jpg,,,,,,,,,,,,,,,,,,,,,,,['zulässige grundfläche'],,,,['13b baugb']
55666_20.jpg,,,,,,,,,,,,,,,,,,,,,,,,,,,
55666_21.jpg,,,,,,,,,,,,,,,,,,,,,,,,,,,
55666_22.jpg,,,,,,,,,,,,,,,,,,,,,,,,,,,
55666_23.jpg,,,,,,,,,,,,,,,,,,,,,,,,,,,
55666_24.jpg,,,,,,,,,,,,,,,,,,,,,,,,,,,
55666_25.jpg,,,,,,,,,,,,,,,,,,,,,,,,,,,
55666_26.jpg,,,,,,,,,,,,,,,,,,,,,,,,,,,
55666_27.jpg,,,,,,,,,,,,,,,,,,,,,,,,,,,
55666_28.jpg,,,,,,,,,,,,,,,,,,,,,,,,,,,
55666_29.jpg,,,,,,,,,,,,,,,,,,,,,,,,,,,
55666_3.jpg,,,,,,,,,,,,,,,,,,,,,,,,,,,
55666_30.jpg,,,,,,,,,,,,,,,,,,,,,,,,,,,
55666_31.jpg,,,,,,,,,,,,,,,,,,,,,,,,,,,
55666_32.jpg,,,,,,,,,,,,,,,,,,,,,,,,,,,
55666_33.jpg,,,,,,,,,,,,,,,,,,,,,,,,,,,
55666_34.jpg,,,,,,,,,,,,,,,,,,,,,,,,,,,
55666_35.jpg,,,,,,,,,,,,,,,,,,,,,,,,,,,
55666_36.jpg,,,,,,,,,,,,,,,,,,,,,,,,,,,
55666_4.jpg,,,,,,,,,,,,,,,,,,,,,,,,,,,
55666_5.jpg,,,,,,,,,,,,,,,,,,,,,,,,,,,
55666_6.jpg,,,,,,,,,,,,,,,,,,,,,['17 baunvo'],,"['grundflächenzahl', 'grz']",,,,
55666_7.jpg,,,,,,,,,,,,,,,,,,,,,,,,,,['stellplätze'],
55666_8.jpg,,,,,,,,,,,,,,,,,,,,,,,,,,,['13b baugb']
55666_9.jpg,,,,,,,,,,,,,,,,,,,,,,,,,,,
56019_0.jpg,,,,,,,,,,,,,,,,,,,,,,,,,,['stellplätze'],
56019_1.jpg,,,,,,,,,,,,,,,,,,,,,,,,,,,
56123_0.jpg,,,,,,,,,,,,,,,,,,,,,,,,,,,
56123_1.jpg,,,,,,,,,,,,,,,,,,,,,,,,,,,
57229_0.jpg,,,,,,,,,,,,,,,,,,,,,,,['grz'],['gfz'],,,
57229_1.jpg,,,,,,,,,,,,,,,,,,,,,,,,,,,
59076_0.jpg,,,,,,,,,,,,,,,,,,,,,,,['grz'],"['vollgeschosse', 'gfz']",,,
59076_1.jpg,,,,,,,,,,,,,,,,,,,,,,,,,,['stellplätze'],
6098_0.jpg,,,,,,,,,,,,,,,,,,,,,,,['grz'],['gfz'],,,
6098_1.jpg,,,,,,,,,,,,,,,,,,,,,,,,,,,
6098_2.jpg,,,,,,,,,,,,,,,,,,,,,,,,,,,
6098_3.jpg,,,,,,,,,,,,,,,,,,,,,,,,,,,
6098_4.jpg,,,,,,,,,,,,,,,,,,,,,,,,,,,
6098_5.jpg,,,,,,,,,,,,,,,,,,,,,,,['grz'],['gfz'],,,
6098_6.jpg,,,,,,,,,,,,,,,,,,,,,,,['grz'],['gfz'],,['stellplätze'],
6098_7.jpg,,,,,,,,,,,,,,,,,,,,,,,['grz'],,,,
6098_8.jpg,,,,,,,,,,,,,,,,,,,,,,,,,,,
61976_0.jpg,,,,,,,,,,,,,,,,,,,,,,,,,,,
6320_0.jpg,,,,,,,,,,,,,,,,,,,,,,,['grz'],['gfz'],,,
6320_1.jpg,,,,,,,,,,,,,,,,,,,,,,,,,,,
6320_10.jpg,,,,,,,,,,,,,,,,,,,,,,,,,,,
6320_11.jpg,,,,,,,,,,,,,,,,,,,,,,,,,,,
6320_12.jpg,,,,,,,,,,,,,,,,,,,,,,,,,,,
6320_13.jpg,,,,,,,,,,,,,,,,,,,,,,,,,,,
6320_14.jpg,,,,,,,,,,,,,,,,,,,,,,,,,,,
6320_15.jpg,,,['3 baunvo'],,,,,,,,['gewerbegebiete'],,,,,,,,,,,,"['grundflächenzahl', 'grz']",,,['stellplätze'],
6320_16.jpg,,,,,,,,,,,,,,,,,,,,,,,,"['vollgeschosse', 'gfz']",,,
6320_17.jpg,,,,,,,,,,,,,,,,,,,,,,,,,,,
6320_18.jpg,,,,,,,,,,,,,,,,,,,,,,,,,,,
6320_2.jpg,,,,,,,,,,,,,,,,,,,,,,,,,,,
6320_3.jpg,,,,,,,,,,,,,,,,,,,,,,,,,,,
6320_4.jpg,,,,,,,,,,,,,,,,,,,,,,,['grz'],"['vollgeschosse', 'geschossfläche', 'gfz']",,,
6320_5.jpg,,,,,,,,,,,,,,,,,,,,,,,,,,,
6320_6.jpg,,,,,,,,,,,,,,,,,,,,,,,['grz'],,,,
6320_7.jpg,,,,,,,,,,,,,,,,,,,,,,,,,,,
6320_8.jpg,,,,,,,,,,,,,,,,,,,,,,,,,,,
6320_9.jpg,,,,,,,,,,,,,,,,,,,,,,,,,,,
63983_0.jpg,,,,,,,,,,,,,,,,,,,,,,,,,,['stellplätze'],
64888_0.jpg,,,,,,,,,,,,,,,,,,,,,,,,['vollgeschosse'],,,
69272_0.jpg,,,,,,,,,,,,,,,,,,,,,,,,,,,
69272_1.jpg,,,,,,,,,,,,,,,,,,,,,,,,,,,
69272_2.jpg,,,,,,,,,,,,,,,,,,,,,,,,,,,
69272_3.jpg,,,,,,,,,,,,,,,,,,,,,,,,,,,
69272_4.jpg,,,,,,,,,,,,,,,,,,,,,,,,,,,
69272_5.jpg,,,,,,,,,,,,,,,,,,,,,,,,,,,
69272_6.jpg,,,,,,,,,,,,,,,,,,,,,,,,,,,
69272_7.jpg,,,,,,,,,,,,,,,,,,,,,,,,,,,
69422_0.jpg,,,,,,,,,,,,,,,,,,,,,,,,,,,
69422_1.jpg,,,,,,,,,,,,,,,,,,,,,,,,,,,
69422_10.jpg,,,,,,,,,,,,,,,,,,,,,,,,,,,
69422_11.jpg,,,,,,,,,,,,,,,,,,,,,,,,['vollgeschosse'],,,
69422_12.jpg,,,,,,,,,,,,,,,,,,,,,,,,,,,
69422_2.jpg,,,,,,,,,,,,,,,,,,,,,,,,,,,
69422_3.jpg,,,,,,,,,,,,,,,,,,,,,,,,,,,
69422_4.jpg,,,,,,,,,,,,,,,,,,,,,,,,,,,
69422_5.jpg,,,,,,,,,,,,,,,,,,,,,,,,,,,
69422_6.jpg,,,,,,,,,,,,,,,,,,,,,,,,,,,
69422_7.jpg,,,,,,,,,,,,,,,,,,,,,,,"['grundflächenzahl', 'grz']","['vollgeschosse', 'geschossfläche', 'gfz']",,,
69422_8.jpg,,,,,,,,,,,,,,,,,,,,,,,,,,,
69422_9.jpg,,,,,,,,,,,,,,,,,,,,,,,,,,,
69493_0.jpg,,,,,,,,,,,,,,,,,,,,,,,['grz'],['gfz'],,,
69493_1.jpg,,,,,,,,,,,,,,,,,,,,,,,,,,,
69493_2.jpg,,,,,,,,,,,,,,,,,,,,,,,,,,,
71026_0.jpg,,,,,,,,,,,,,,,,,,,,,,,,,,,
71026_1.jpg,,,,,,,,,,,,,,,,,,,,,,,,,,,
71026_2.jpg,,,,,,,,,['6a baunvo'],,,,,,,,,['14 baunvo'],['15 baunvo'],,,,['grz'],['vollgeschosse'],,"['21a baunvo', 'stellplätze']",
71026_3.jpg,,,,,,,,,,,,,,,,,,,,,,,['grundflächenzahl'],['vollgeschosse'],,,
71026_4.jpg,,,,,,,,,,,,,,,,,,,,,,,['grz'],,,['stellplätze'],
71026_5.jpg,,,,,,,,,,,,,,,,,,,,,,,,,,,
71026_6.jpg,,,,,,,,,,,,,,,,,,,,,,,,,,,
7434_0.jpg,,,,,,,,,,,,,,,,,,,,,,,,,,,
7434_1.jpg,,,,,,,,,,,,,['10 baunvo'],,,,,,,,,,['grz'],"['vollgeschosse', 'gfz']",,,
7434_2.jpg,,,,['allgemeine wohngebiete'],,,,['mischgebiete'],,,['gewerbegebiete'],,,,,,,,,,,,,,,,
7434_3.jpg,,,,,,,,,,,,,,,,,,,,,,,,,,,
7434_4.jpg,,,,,,,,,,,,,,,,,,,,,['17 baunvo'],,['grz'],['gfz'],,,
7434_5.jpg,,,,,,,,['mischgebiete'],,,,,,,,,,,,,,,,,,,
7434_6.jpg,,,,,,,,,,,['gewerbegebiete'],,,,,,,,,,,,,,,,
7434_7.jpg,,,,,,,,,,,,,,,,,,,,,,,,,,,
77132_0.jpg,,,,,,,,,,,,,,,,,,,,,,,,,,,
77132_1.jpg,,,,,,,,,,,,,,,,,,,,,,,,,,,
77132_2.jpg,,,,,,,,,,,,,,,,,,,,,,,,,,,
77840_0.jpg,,,,,,,,,,,,,,,,,,,,,,,,,,,
77840_1.jpg,,,,,,,,,,,,,,,,,,,,,,['höhe baulicher anlagen'],"['grundflächenzahl', 'grz']",['vollgeschosse'],,,
77840_10.jpg,,,,,,,,,,,,,,,,,,,,,,,,,,,
77840_11.jpg,,,,,,,,,,,,,,,,,,,,,,,,,,,
77840_12.jpg,,,,,,,,,,,,,,,,,,,,,,,,,,,
77840_13.jpg,,,,,,,,,,,,,,,,,,,,,,,,,,,
77840_14.jpg,,,,,,,,,,,,,,,,,,,,,,,,,,,
77840_15.jpg,,,,,,,,,,,,,,,,,,,,,,,,,,,
77840_2.jpg,,,,,,,,,,,,,,,,,,,,,,,,,,,
77840_3.jpg,,,,,,,,,,,,,,,,,,,,,,,,,,,
77840_4.jpg,,,,,,,,,,,,,,,,,,,,,,,,,,['stellplätze'],
77840_5.jpg,,,,,,,,,,,,,,,,,,,,,,,,,,,
77840_6.jpg,,,,,,['dorfgebiete'],,,,,,,,,,,,,,,,,,,,,
77840_7.jpg,,,,,,,,,,,,,,,,,,,,,,,['grundflächenzahl'],,,['stellplätze'],
77840_8.jpg,,,,,,,,,,,,,,,,,,,,,,,,,,,
77840_9.jpg,,,,,,,,,,,,,,,,,,,,,,,,,,,
79352_0.jpg,,,,,,,,,,,,,,,,,,,,,,,,,,,
79352_1.jpg,,,,,,,,,,,,,,,,,,,,,,,,,,,
79352_2.jpg,,,,,,,,,,,,,,,,,,,,,,,,,,,
80178_0.jpg,,,,,,,,,,,,,,,,,,,,,,,,,,,
80178_1.jpg,,,,,,,,,,,,,,,,,,,,,,,,,,,
80178_2.jpg,,,,,,,,,,,,,,,,,,,,,,,,,,,
80178_3.jpg,,,,,,,,,,,,,,,,,,,,,,,,,,,
80178_4.jpg,,,,,,,,,,,,,,,,,,,,,,,,,,,
80178_5.jpg,,,,,,,,,,,,,,,,,,,,,,,['grz'],,,,
80178_6.jpg,,,,,,,,,,,,,,,,,,,,,,,,,,,
80178_7.jpg,,,,,,,,,,,,,,,,,,,,,,,,,,,
80178_8.jpg,,,,,,,,,,,,,,,,,,,,,,,"['19 baunvo', 'grundflächenzahl', 'grz']",,,,
80310_0.jpg,,,,,,,,,,,,,,,,,,,,,,,,,,,
80310_1.jpg,,,,,,,,,,,,,,,,,,,,,,,,,,,
80310_10.jpg,,,,,,,,,,,,,,,,,,,,,,,,,,,
80310_11.jpg,,,,,,,,,,,,,,,,,,,,,,,,,,,
80310_12.jpg,,,,,,,,,,,,,,,,,,,,,,,,,,,
80310_13.jpg,,,,,,,,,,,,,,,,,,,,,,,,,,,
80310_14.jpg,,,,,,,,,,,['gewerbegebiete'],,,,,,,,,,,,,,,,
80310_15.jpg,,,,,,,,,,,,,,,,,,,,,,,,,,,
80310_16.jpg,,,,,,,,,,,,,,,,,,,,,,,,,,,
80310_17.jpg,,,,,,,,,,,['gewerbegebiete'],,,,,,,,,,,,,['vollgeschosse'],,,
80310_18.jpg,,,,,,,,,,,,,,,,,,,,,,,"['grundflächenzahl', 'grz']",,,['stellplätze'],
80310_19.jpg,,,,,,,,,,,,,,,,,,,,,,,['grz'],,,,
80310_2.jpg,,,,,,,,,,,,,,,,,,,,,,,['grundflächenzahl'],['vollgeschosse'],,,
80310_20.jpg,,,,,,,,,,,,,,,,,,,,,,,,,,,
80310_21.jpg,,,,,,,,,,,,,,,,,,,,,,,,,,,
80310_22.jpg,,,,,,,,,,,,,,,,,,,,,,,,,,,
80310_23.jpg,,,,,,,,,,,,,,,,,,,,,,,,,,,
80310_24.jpg,,,,,,,,,,,,,,,,,,,,,,,,,,,
80310_25.jpg,,,,,,,,,,,['gewerbegebiete'],,,,,,,,,,,,,,,['stellplätze'],
80310_26.jpg,,,,,,,,,,,['gewerbegebiete'],,,,,,,,,,,,,,,['stellplätze'],
80310_27.jpg,,,,,,,,,,,,,,,,,,,,,,,"['grundflächenzahl', 'grz']",,,['stellplätze'],
80310_28.jpg,,,,,,,,,,,,,,,,,,,,,,,,,,,
80310_29.jpg,,,,,,,,,,,['gewerbegebiete'],,,,,,,,,,,,,,,['stellplätze'],
80310_3.jpg,,,,,,,,,,,,,,,,,,,,,,,"['19 baunvo', 'grundflächenzahl', 'grz']",['vollgeschosse'],,,
80310_30.jpg,,,,,,,,,,,,,,,,,,,,,,,,,,,
80310_31.jpg,,,,,,,,,,,,,,,,,,,,,,,,,,,
80310_32.jpg,,,,,,,,,,,,,,,,,,,,,,,,,,,
80310_33.jpg,,,,,,,,,,,,,,,,,,,,,,,,,,,
80310_34.jpg,,,,,,,,,,,,,,,,,,,,,,,,,,,
80310_35.jpg,,,,,,,,,,,,,,,,,,,,,,,,,,,
80310_36.jpg,,,,,,,,,,,,,,,,,,,,,,,,,,,
80310_37.jpg,,,,,,,,,,,,,,,,,,,,,,,,,,,
80310_38.jpg,,,,,,,,,,,,,,,,,,,,,,,,,,,
80310_39.jpg,,,,,,,,,,,,,,,,,,,,,,,,,,,
80310_4.jpg,,,,,,,,,,,,,,,,,,,,,,,,,,,
80310_5.jpg,,,,,,,,,,,,,,,,,,,,,,,,,,,
80310_6.jpg,,,,,,,,,,,,,,,,,,,,,,,,,,,
80310_7.jpg,,,,,,,,,,,,,,,,,,,,,,,['grz'],,,['stellplätze'],
80310_8.jpg,,,,,,,,,,,,,,,,,,,,,,,,,,,
80310_9.jpg,,,,,,,,,,,,,,,,,,,,,,,,,,,
86573_0.jpg,,,,,,,,,,,,,,,,,,,,,,,,,,,
86573_1.jpg,,,,,,,,,,,,,,,,,,,,,,,,,,,
86573_2.jpg,,,,,,,,,,,,,,,,,,,,,,,,,,,
86573_3.jpg,,,,,,,,,,,,,,,,,,,,,,,,,,,
86573_4.jpg,,,,,,,,,,,,,,,,,,,,,,,,,,,
86573_5.jpg,,,,,,,,,,,,,,,,,,,,,,,,,,,
86573_6.jpg,,,,,,,,,,,,,,,,,,,,,,,,,,,
86573_7.jpg,,,,,,,,,,,,,,,,,,,,,,,,,,,
86573_8.jpg,,,,,,,,,,,,,,,,,,,,,,,,,,,
86805_0.jpg,,,,,,,,,,,,,,,,,,,,,,,,,,,
86805_1.jpg,,,,,,,,,,,,,,,,,,,,,,,,,,,
86805_10.jpg,,,,,,,,,,,,,,,,,,,,,,,,,,,
86805_2.jpg,,,,,,,,,,,,,,,,,,,,,,,,,,,
86805_3.jpg,,,,,,,,,,,,,,,,,,,,,,,,,,,
86805_4.jpg,,,,,,,,,,,,,,,,,,,,,,,,,,,
86805_5.jpg,,,,,,,,,,,,,,,,,,,,,,,,,,,
86805_6.jpg,,,,,,,,,,,,,,,,,,,,,,,,,,,
86805_7.jpg,,,,,,,,,,,,,,,,,,,,,,,,,,,
86805_8.jpg,,,,,,,,,,,,,,,,,,,,,,,,,,,
86805_9.jpg,,,,,,,,,,,,,,,,,,,,,,,,,,,
8784_0.jpg,,,,,,,,,,,,,,,,,,,,,['17 baunvo'],,"['grundflächenzahl', 'grz']","['vollgeschosse', 'gfz']",,,
8784_1.jpg,,,,,,,,,,,,,,,,,,,,,,,,,,,
8784_2.jpg,,,,,,,,,,,,,,,,,,,,,,,,,,,
8784_3.jpg,,,,,,,,,,,,,,,,,,,,,,,"['grundflächenzahl', 'grz']","['vollgeschosse', 'gfz']",,,
8784_4.jpg,,,,,,,,,,,,,,,,,,,,,,,,,,,
88010_0.jpg,,,,,,,,,,,,,,,,,,,,,,,,,,,
88010_1.jpg,,,,,,,,,,,,,,,,,,,,,,,,['vollgeschosse'],,,
88010_2.jpg,,,,,,,,,,,,,,,,,,,,,,,,,,,
88010_3.jpg,,,,,,,,,,,,,,,,,,,,,,,,,,['stellplätze'],
88010_4.jpg,,,,,,,,,,,,,,,,,,,,,,,,,,['stellplätze'],
88010_5.jpg,,,,,,,,,,,,,,,,,,,,,,,,,,,
88094_0.jpg,,,,,,,,,,,,,,,,,,,,,,,,,,,
88094_1.jpg,,,,,,,,,,,,,,,,,,,,,,,,,,,
88094_2.jpg,,,,,,,,,,,,,,,,,,,,,,,,['vollgeschosse'],,,
88094_3.jpg,,,,,,,,,,,,,,,,,,,,,,,,,,,
88094_4.jpg,,,,,,,,,,,,,,,,,,,,,,,,,,,
88096_0.jpg,,,,,,,,,,,,,,,,,,,,,,,,,,,
88096_1.jpg,,,,,,,,,,,,,,,,,,,,,,,,,,,
88096_10.jpg,,,,,,,,,,,,,,,,,,,,,,,,,,,
88096_11.jpg,,,,,,,,,,,,,,,,,,,,,,,,,,['stellplätze'],
88096_12.jpg,,,,,,,,,,,,,,,,,,,,,,,,,,['stellplätze'],
88096_13.jpg,,,,,,,,,,,,,,,,,,,,,,,,,,,
88096_14.jpg,,,,,,,,,,,,,,,,,,,,,,,,,,,
88096_15.jpg,,,,,,,,,,,,,,,,,,,,,,,,,,,
88096_16.jpg,,,,,,,,,,,,,,,,,,,,,,,,,,,
88096_17.jpg,,,,,,,,,,,,,,,,,,,,,,,,,,,
88096_18.jpg,,,,,,,,,,,,,,,,,,,,,,,,,,,
88096_2.jpg,,,,,,,,,,,,,,,,,,,,,,,,,,,
88096_3.jpg,,,,,,,,,,,,,,,,,,,,,,,,,,,
88096_4.jpg,,,,,,,,,,,,,,,,,,,,,,,,,,,
88096_5.jpg,,,,,,,,,,,,,,,,,,,,,,,['grz'],,,,
88096_6.jpg,,,,,,,,,,,,,,,,,,,,,,,,,,,
88096_7.jpg,,,,,,,,,,,,,,,,,,,,,,,,,,,
88096_8.jpg,,,,,,,,,,,,,,,,,,,,,,,,,,,
88096_9.jpg,,,,,,,,,,,,,,,,,,,,,,,,,,,
88916_0.jpg,,,,,,,,,,,,,,,,,,,,,,,,,,,
88916_1.jpg,,,,,,,,,,,,,,,,,,,,,,,,,,,
88916_2.jpg,,,,,,,,,,,,,,,,,,,,,,,,,,,
88916_3.jpg,,,,,,,,,,,,,,,,,,,,,,,,,,,
8904_0.jpg,,,,,,,,,,,,,,,,,,,,,,,,,,,
8904_1.jpg,,,,,,,,,,,,,,,,,,,,,,,"['19 baunvo', 'grz']","['20 baunvo', 'geschoßflächenzahl', 'geschoßfläche', 'gfz']",,,
8915_0.jpg,,,,,,,,,,,,,,,,,,,,,,,,,,,
8915_1.jpg,,['2 baunvo'],,,,['5 baunvo'],,['6 baunvo'],,,['8 baunvo'],,,,,,,,,,,,,,,,
8915_10.jpg,,,,,,,,,,,,,,,,,,,,,,,,,,,
8915_2.jpg,,,,['4 baunvo'],,,,,,,,,,,,,,,,,,,"['grundflächenzahl', 'grz']",,,,
8915_3.jpg,,,,,,,,,,,,,,,,,,,,,,,,,,['stellplätze'],
8915_4.jpg,,,,,,,,,,,,,,,,,,,,,,,,,,,
8915_5.jpg,,,,,,,,,,,,,,,,,,,,,,,,,,['stellplätze'],
8915_6.jpg,,,,,,,,,,,,,,,,,,,,,,,,,,,
8915_7.jpg,,,,,,['5 baunvo'],,,,,,,,,,,,,,,,,,,,,
8915_8.jpg,,,,,,,,,,,,,,,,,,,,,,,,,,,
8915_9.jpg,,,,,,,,,,,,,,,,,,,,,,,,,,,
89728_0.jpg,,,,,,,,,,,,,,,,,,,,,,,,,,,
89728_1.jpg,,,,,,,,,,,,,,,,,,,,,,,,['vollgeschosse'],,,
89728_2.jpg,,,,,,,,,,,,,,,,,,,,,,,,['vollgeschosse'],,,
89728_3.jpg,,,,,,,,,,,,,,,,,,,,,,,,,,,
90270_0.jpg,,,,,,,,,,,,,,,,,,,,,,,,,,,
90270_1.jpg,,,,,,,,,,,,,,,,,,,,,,,"['grundflächenzahl', 'grz']",,,['stellplätze'],
90270_2.jpg,,,,,,,,,,,,,,,,,,,,,,,['grz'],,,,
90270_3.jpg,,,,,,,,,,,,,,,,,,,,,,,['grz'],,,,
90270_4.jpg,,,,,,,,,,,,,,,,,,,,,,,,,,,
90270_5.jpg,,,,,,,,,,,,,,,,,,,,,,,,,,,
90462_0.jpg,,,,,,,,,,,,,,,,,,['14 baunvo'],,,,,,,,,
90462_1.jpg,,,,,,,,,,,,,,,,,,,,,,,,,,,
90462_2.jpg,,,,,,,,,,,,,,,,,,,,,,,,,,,
90462_3.jpg,,,,,,,,,,,,,,,,,,,,,,,,,,,
90462_4.jpg,,,,,,,,,,,,,,,,,,,,,,,,,,,
91911_0.jpg,,,,,,,,,,,,,,,,,,,,,,,,,,,
91911_1.jpg,,,,,,,,,,,,,,,,,,,,,,,,,,,
91911_10.jpg,,,,,,,,,,,,,,,,,,,,,,,,,,,
91911_2.jpg,,,,,,,,,,,,,,,,,,,,,,,,,,,
91911_3.jpg,,,,,,,,,,,,,,,,,,,,,,,,,,,
91911_4.jpg,,,,,,,,,,,,,,,,,,,,,,,,,,,
91911_5.jpg,,,,,,,,,,,,,,,,,,,,,,,,,,,
91911_6.jpg,,,,,,,,,,,,,,,,,,,,,,,,,,,
91911_7.jpg,,,,,,,,,,,,,,,,,,,,,,,,,,,
91911_8.jpg,,,,,,,,,,,,,,,,,,,,,,,,,,,
91911_9.jpg,,,,,,,,,,,,,,,,,,,,,,,,,,,
9581_0.jpg,,,,,,,,,,,,,,,,,,,,,,,,,,,
9581_1.jpg,,,,,,,,,,,,,,,,,,,,,,,,['vollgeschosse'],,,
